<?xml version="1.0" encoding="UTF-8"?>
<root>
  <item name="com.physphil.android.unitconverterultimate.util.Conversions com.physphil.android.unitconverterultimate.models.Conversion getById(int) 0">
    <annotation name="androidx.annotation.IntDef">
      <val name="value" val="{com.physphil.android.unitconverterultimate.models.Conversion.AREA, com.physphil.android.unitconverterultimate.models.Conversion.COOKING, com.physphil.android.unitconverterultimate.models.Conversion.CURRENCY, com.physphil.android.unitconverterultimate.models.Conversion.STORAGE, com.physphil.android.unitconverterultimate.models.Conversion.ENERGY, com.physphil.android.unitconverterultimate.models.Conversion.FUEL, com.physphil.android.unitconverterultimate.models.Conversion.LENGTH, com.physphil.android.unitconverterultimate.models.Conversion.MASS, com.physphil.android.unitconverterultimate.models.Conversion.POWER, com.physphil.android.unitconverterultimate.models.Conversion.PRESSURE, com.physphil.android.unitconverterultimate.models.Conversion.SPEED, com.physphil.android.unitconverterultimate.models.Conversion.TEMPERATURE, com.physphil.android.unitconverterultimate.models.Conversion.TIME, com.physphil.android.unitconverterultimate.models.Conversion.TORQUE, com.physphil.android.unitconverterultimate.models.Conversion.VOLUME}" />
    </annotation>
  </item>
  <item name="com.physphil.android.unitconverterultimate.util.Conversions void addConversion(int, com.physphil.android.unitconverterultimate.models.Conversion) 0">
    <annotation name="androidx.annotation.IntDef">
      <val name="value" val="{com.physphil.android.unitconverterultimate.models.Conversion.AREA, com.physphil.android.unitconverterultimate.models.Conversion.COOKING, com.physphil.android.unitconverterultimate.models.Conversion.CURRENCY, com.physphil.android.unitconverterultimate.models.Conversion.STORAGE, com.physphil.android.unitconverterultimate.models.Conversion.ENERGY, com.physphil.android.unitconverterultimate.models.Conversion.FUEL, com.physphil.android.unitconverterultimate.models.Conversion.LENGTH, com.physphil.android.unitconverterultimate.models.Conversion.MASS, com.physphil.android.unitconverterultimate.models.Conversion.POWER, com.physphil.android.unitconverterultimate.models.Conversion.PRESSURE, com.physphil.android.unitconverterultimate.models.Conversion.SPEED, com.physphil.android.unitconverterultimate.models.Conversion.TEMPERATURE, com.physphil.android.unitconverterultimate.models.Conversion.TIME, com.physphil.android.unitconverterultimate.models.Conversion.TORQUE, com.physphil.android.unitconverterultimate.models.Conversion.VOLUME}" />
    </annotation>
  </item>
</root>

