<?xml version="1.0" encoding="UTF-8"?>
<root>
  <item name="com.physphil.android.unitconverterultimate.presenters.ConversionPresenter rx.Observable&lt;com.physphil.android.unitconverterultimate.models.ConversionState&gt; getConversionStateObservable(int) 0">
    <annotation name="androidx.annotation.IntDef">
      <val name="value" val="{com.physphil.android.unitconverterultimate.models.Conversion.AREA, com.physphil.android.unitconverterultimate.models.Conversion.COOKING, com.physphil.android.unitconverterultimate.models.Conversion.CURRENCY, com.physphil.android.unitconverterultimate.models.Conversion.STORAGE, com.physphil.android.unitconverterultimate.models.Conversion.ENERGY, com.physphil.android.unitconverterultimate.models.Conversion.FUEL, com.physphil.android.unitconverterultimate.models.Conversion.LENGTH, com.physphil.android.unitconverterultimate.models.Conversion.MASS, com.physphil.android.unitconverterultimate.models.Conversion.POWER, com.physphil.android.unitconverterultimate.models.Conversion.PRESSURE, com.physphil.android.unitconverterultimate.models.Conversion.SPEED, com.physphil.android.unitconverterultimate.models.Conversion.TEMPERATURE, com.physphil.android.unitconverterultimate.models.Conversion.TIME, com.physphil.android.unitconverterultimate.models.Conversion.TORQUE, com.physphil.android.unitconverterultimate.models.Conversion.VOLUME}" />
    </annotation>
  </item>
  <item name="com.physphil.android.unitconverterultimate.presenters.ConversionPresenter void getLastConversionState(int) 0">
    <annotation name="androidx.annotation.IntDef">
      <val name="value" val="{com.physphil.android.unitconverterultimate.models.Conversion.AREA, com.physphil.android.unitconverterultimate.models.Conversion.COOKING, com.physphil.android.unitconverterultimate.models.Conversion.CURRENCY, com.physphil.android.unitconverterultimate.models.Conversion.STORAGE, com.physphil.android.unitconverterultimate.models.Conversion.ENERGY, com.physphil.android.unitconverterultimate.models.Conversion.FUEL, com.physphil.android.unitconverterultimate.models.Conversion.LENGTH, com.physphil.android.unitconverterultimate.models.Conversion.MASS, com.physphil.android.unitconverterultimate.models.Conversion.POWER, com.physphil.android.unitconverterultimate.models.Conversion.PRESSURE, com.physphil.android.unitconverterultimate.models.Conversion.SPEED, com.physphil.android.unitconverterultimate.models.Conversion.TEMPERATURE, com.physphil.android.unitconverterultimate.models.Conversion.TIME, com.physphil.android.unitconverterultimate.models.Conversion.TORQUE, com.physphil.android.unitconverterultimate.models.Conversion.VOLUME}" />
    </annotation>
  </item>
  <item name="com.physphil.android.unitconverterultimate.presenters.ConversionPresenter void onGetUnitsToDisplay(int) 0">
    <annotation name="androidx.annotation.IntDef">
      <val name="value" val="{com.physphil.android.unitconverterultimate.models.Conversion.AREA, com.physphil.android.unitconverterultimate.models.Conversion.COOKING, com.physphil.android.unitconverterultimate.models.Conversion.CURRENCY, com.physphil.android.unitconverterultimate.models.Conversion.STORAGE, com.physphil.android.unitconverterultimate.models.Conversion.ENERGY, com.physphil.android.unitconverterultimate.models.Conversion.FUEL, com.physphil.android.unitconverterultimate.models.Conversion.LENGTH, com.physphil.android.unitconverterultimate.models.Conversion.MASS, com.physphil.android.unitconverterultimate.models.Conversion.POWER, com.physphil.android.unitconverterultimate.models.Conversion.PRESSURE, com.physphil.android.unitconverterultimate.models.Conversion.SPEED, com.physphil.android.unitconverterultimate.models.Conversion.TEMPERATURE, com.physphil.android.unitconverterultimate.models.Conversion.TIME, com.physphil.android.unitconverterultimate.models.Conversion.TORQUE, com.physphil.android.unitconverterultimate.models.Conversion.VOLUME}" />
    </annotation>
  </item>
</root>

